user_id,No Forgetting_hit_rate,No Forgetting_precision,No Forgetting_ndcg,No Forgetting_diversity,No Forgetting_novelty,No Forgetting_serendipity,Basic Time Decay_hit_rate,Basic Time Decay_precision,Basic Time Decay_ndcg,Basic Time Decay_diversity,Basic Time Decay_novelty,Basic Time Decay_serendipity,Basic Ebbinghaus_hit_rate,Basic Ebbinghaus_precision,Basic Ebbinghaus_ndcg,Basic Ebbinghaus_diversity,Basic Ebbinghaus_novelty,Basic Ebbinghaus_serendipity,Basic Hybrid_hit_rate,Basic Hybrid_precision,Basic Hybrid_ndcg,Basic Hybrid_diversity,Basic Hybrid_novelty,Basic Hybrid_serendipity,Context-Aware Decay_hit_rate,Context-Aware Decay_precision,Context-Aware Decay_ndcg,Context-Aware Decay_diversity,Context-Aware Decay_novelty,Context-Aware Decay_serendipity,Context-Aware Ebbinghaus_hit_rate,Context-Aware Ebbinghaus_precision,Context-Aware Ebbinghaus_ndcg,Context-Aware Ebbinghaus_diversity,Context-Aware Ebbinghaus_novelty,Context-Aware Ebbinghaus_serendipity,Frequency-Significance_hit_rate,Frequency-Significance_precision,Frequency-Significance_ndcg,Frequency-Significance_diversity,Frequency-Significance_novelty,Frequency-Significance_serendipity,Context-Aware Hybrid_hit_rate,Context-Aware Hybrid_precision,Context-Aware Hybrid_ndcg,Context-Aware Hybrid_diversity,Context-Aware Hybrid_novelty,Context-Aware Hybrid_serendipity
13,0.0,0.0,0.0,0.796905989232415,0.6787353063206272,0.2425517305535081,0.0,0.0,0.0,0.796905989232415,0.6787353063206272,0.2425517305535081,0.0,0.0,0.0,0.796905989232415,0.6787353063206272,0.2425517305535081,0.0,0.0,0.0,0.796905989232415,0.6787353063206272,0.2425517305535081,0.0,0.0,0.0,0.7265153077165046,0.705991546349191,0.3307288167194903,0.0,0.0,0.0,0.7265153077165046,0.705991546349191,0.3307288167194903,0.0,0.0,0.0,0.7265153077165046,0.705991546349191,0.3307288167194903,0.0,0.0,0.0,0.7265153077165046,0.705991546349191,0.3307288167194903
195,0.0,0.0,0.0,0.3770342418088606,0.6373915356450232,0.21344655246523728,0.0,0.0,0.0,0.3770342418088606,0.6373915356450232,0.21344655246523728,0.0,0.0,0.0,0.3770342418088606,0.6373915356450232,0.21344655246523728,0.0,0.0,0.0,0.3770342418088606,0.6373915356450232,0.21344655246523728,0.0,0.0,0.0,0.37703424180886047,0.6373915356450232,0.21344655246523728,0.0,0.0,0.0,0.37703424180886047,0.6373915356450232,0.21344655246523728,0.0,0.0,0.0,0.37703424180886047,0.6373915356450232,0.21344655246523728,0.0,0.0,0.0,0.37703424180886047,0.6373915356450232,0.21344655246523728
543,0.0,0.0,0.0,0.6107673427697242,0.5763706276836702,0.18948431490887346,0.0,0.0,0.0,0.6107673427697242,0.5763706276836702,0.18948431490887346,0.0,0.0,0.0,0.6107673427697242,0.5763706276836702,0.18948431490887346,0.0,0.0,0.0,0.6107673427697242,0.5763706276836702,0.18948431490887346,0.0,0.0,0.0,0.6107673427697242,0.57637062768367,0.18948431490887346,0.0,0.0,0.0,0.6107673427697242,0.57637062768367,0.18948431490887346,0.0,0.0,0.0,0.6107673427697242,0.57637062768367,0.18948431490887346,0.0,0.0,0.0,0.6107673427697242,0.57637062768367,0.18948431490887346
778,1.0,0.2,0.15139734109601002,0.7000552841303931,0.5736676393765731,0.05150602409381024,1.0,0.2,0.15139734109601002,0.7000552841303931,0.5736676393765731,0.05150602409381024,1.0,0.2,0.15139734109601002,0.7000552841303931,0.5736676393765731,0.05150602409381024,1.0,0.2,0.15139734109601002,0.7000552841303931,0.5736676393765731,0.05150602409381024,1.0,0.2,0.2984900352767555,0.7000552841303931,0.5736676393765731,0.05150602409381024,1.0,0.2,0.2984900352767555,0.7000552841303931,0.5736676393765731,0.05150602409381024,1.0,0.2,0.2984900352767555,0.7000552841303931,0.5736676393765731,0.05150602409381024,1.0,0.2,0.2984900352767555,0.7000552841303931,0.5736676393765731,0.05150602409381024
58,0.0,0.0,0.0,0.616271776510595,0.6111812772953691,0.11649844993622807,0.0,0.0,0.0,0.616271776510595,0.6111812772953691,0.11649844993622807,0.0,0.0,0.0,0.616271776510595,0.6111812772953691,0.11649844993622807,0.0,0.0,0.0,0.616271776510595,0.6111812772953691,0.11649844993622807,0.0,0.0,0.0,0.616271776510595,0.6111812772953691,0.11649844993622807,0.0,0.0,0.0,0.616271776510595,0.6111812772953691,0.11649844993622807,0.0,0.0,0.0,0.616271776510595,0.6111812772953691,0.11649844993622807,0.0,0.0,0.0,0.616271776510595,0.6111812772953691,0.11649844993622807
634,0.0,0.0,0.0,0.625121123099848,0.6266188500881654,0.2951201854721052,0.0,0.0,0.0,0.625121123099848,0.6266188500881654,0.2951201854721052,0.0,0.0,0.0,0.625121123099848,0.6266188500881654,0.2951201854721052,0.0,0.0,0.0,0.625121123099848,0.6266188500881654,0.2951201854721052,0.0,0.0,0.0,0.6923836088062205,0.6015800908353104,0.21353162677783244,0.0,0.0,0.0,0.6923836088062205,0.6015800908353104,0.21353162677783244,0.0,0.0,0.0,0.6923836088062205,0.6015800908353104,0.21353162677783244,0.0,0.0,0.0,0.6923836088062205,0.6015800908353104,0.21353162677783244
279,0.0,0.0,0.0,0.6853589838486225,0.6624230894121121,0.31006514691749715,0.0,0.0,0.0,0.6853589838486225,0.6624230894121121,0.31006514691749715,0.0,0.0,0.0,0.6853589838486225,0.6624230894121121,0.31006514691749715,0.0,0.0,0.0,0.6853589838486225,0.6624230894121121,0.31006514691749715,0.0,0.0,0.0,0.6853589838486225,0.6624230894121121,0.31006514691749715,0.0,0.0,0.0,0.6853589838486225,0.6624230894121121,0.31006514691749715,0.0,0.0,0.0,0.6853589838486225,0.6624230894121121,0.31006514691749715,0.0,0.0,0.0,0.6853589838486225,0.6624230894121121,0.31006514691749715
207,0.0,0.0,0.0,0.20651530771650473,0.6183450041940665,0.13855081849905918,0.0,0.0,0.0,0.20651530771650473,0.6183450041940665,0.13855081849905918,0.0,0.0,0.0,0.20651530771650473,0.6183450041940665,0.13855081849905918,0.0,0.0,0.0,0.20651530771650473,0.6183450041940665,0.13855081849905918,0.0,0.0,0.0,0.13303061543300965,0.6116570787200508,0.10816926241010724,0.0,0.0,0.0,0.13303061543300965,0.6116570787200508,0.10816926241010724,0.0,0.0,0.0,0.13303061543300965,0.6116570787200508,0.10816926241010724,0.0,0.0,0.0,0.13303061543300965,0.6116570787200508,0.10816926241010724
851,1.0,0.1,0.11004588314904008,0.7161960929727998,0.5945425096296197,0.1856352082948308,1.0,0.1,0.11004588314904008,0.7161960929727998,0.5945425096296197,0.1856352082948308,1.0,0.1,0.11004588314904008,0.7161960929727998,0.5945425096296197,0.1856352082948308,1.0,0.1,0.11004588314904008,0.7161960929727998,0.5945425096296197,0.1856352082948308,1.0,0.1,0.07336392209936005,0.7099034394909862,0.5957934723287656,0.2079256461818141,1.0,0.1,0.07336392209936005,0.7099034394909862,0.5957934723287656,0.2079256461818141,1.0,0.1,0.07336392209936005,0.7099034394909862,0.5957934723287656,0.2079256461818141,1.0,0.1,0.07336392209936005,0.7099034394909862,0.5957934723287656,0.2079256461818141
193,0.0,0.0,0.0,0.5797091002155033,0.6626000375603128,0.17091341701548,0.0,0.0,0.0,0.5797091002155033,0.6626000375603128,0.17091341701548,0.0,0.0,0.0,0.5797091002155033,0.6626000375603128,0.17091341701548,0.0,0.0,0.0,0.5797091002155033,0.6626000375603128,0.17091341701548,0.0,0.0,0.0,0.3751837875710967,0.5943653684324837,0.07801852439936206,0.0,0.0,0.0,0.3751837875710967,0.5943653684324837,0.07801852439936206,0.0,0.0,0.0,0.3751837875710967,0.5943653684324837,0.07801852439936206,0.0,0.0,0.0,0.3751837875710967,0.5943653684324837,0.07801852439936206
14,1.0,0.1,0.11004588314904008,0.7737867965644035,0.6359907103802911,0.2254542480263111,1.0,0.1,0.11004588314904008,0.7737867965644035,0.6359907103802911,0.2254542480263111,1.0,0.1,0.11004588314904008,0.7737867965644035,0.6359907103802911,0.2254542480263111,1.0,0.1,0.11004588314904008,0.7737867965644035,0.6359907103802911,0.2254542480263111,1.0,0.1,0.22009176629808017,0.7737867965644036,0.6359907103802911,0.2254542480263111,1.0,0.1,0.22009176629808017,0.7737867965644036,0.6359907103802911,0.2254542480263111,1.0,0.1,0.22009176629808017,0.7737867965644036,0.6359907103802911,0.2254542480263111,1.0,0.1,0.22009176629808017,0.7737867965644036,0.6359907103802911,0.2254542480263111
655,1.0,0.1,0.06625422345438903,0.7470034017147789,0.6468383349972113,0.18070151661840866,1.0,0.1,0.06625422345438903,0.7470034017147789,0.6468383349972113,0.18070151661840866,1.0,0.1,0.06625422345438903,0.7470034017147789,0.6468383349972113,0.18070151661840866,1.0,0.1,0.06625422345438903,0.7470034017147789,0.6468383349972113,0.18070151661840866,1.0,0.1,0.08514311764162098,0.7470034017147789,0.6468383349972112,0.18070151661840866,1.0,0.1,0.08514311764162098,0.7470034017147789,0.6468383349972112,0.18070151661840866,1.0,0.1,0.08514311764162098,0.7470034017147789,0.6468383349972112,0.18070151661840866,1.0,0.1,0.08514311764162098,0.7470034017147789,0.6468383349972112,0.18070151661840866
870,0.0,0.0,0.0,0.731860259040633,0.6930101740302386,0.1923522153824118,0.0,0.0,0.0,0.731860259040633,0.6930101740302386,0.1923522153824118,0.0,0.0,0.0,0.731860259040633,0.6930101740302386,0.1923522153824118,0.0,0.0,0.0,0.731860259040633,0.6930101740302386,0.1923522153824118,0.0,0.0,0.0,0.7318602590406331,0.6930101740302386,0.1923522153824118,0.0,0.0,0.0,0.7318602590406331,0.6930101740302386,0.1923522153824118,0.0,0.0,0.0,0.7318602590406331,0.6930101740302386,0.1923522153824118,0.0,0.0,0.0,0.7318602590406331,0.6930101740302386,0.1923522153824118
453,0.0,0.0,0.0,0.6210769515458674,0.6493936038049286,0.2827722350118165,0.0,0.0,0.0,0.6210769515458674,0.6493936038049286,0.2827722350118165,0.0,0.0,0.0,0.6210769515458674,0.6493936038049286,0.2827722350118165,0.0,0.0,0.0,0.6210769515458674,0.6493936038049286,0.2827722350118165,0.0,0.0,0.0,0.6605427714197194,0.62406807359977,0.20986839744294944,0.0,0.0,0.0,0.6605427714197194,0.62406807359977,0.20986839744294944,0.0,0.0,0.0,0.6605427714197194,0.62406807359977,0.20986839744294944,0.0,0.0,0.0,0.6605427714197194,0.62406807359977,0.20986839744294944
578,0.0,0.0,0.0,0.4471040413784929,0.5609149847844189,0.07361863036291813,0.0,0.0,0.0,0.4471040413784929,0.5609149847844189,0.07361863036291813,0.0,0.0,0.0,0.4471040413784929,0.5609149847844189,0.07361863036291813,0.0,0.0,0.0,0.4471040413784929,0.5609149847844189,0.07361863036291813,0.0,0.0,0.0,0.4471040413784929,0.5609149847844188,0.07361863036291813,0.0,0.0,0.0,0.4471040413784929,0.5609149847844188,0.07361863036291813,0.0,0.0,0.0,0.4471040413784929,0.5609149847844188,0.07361863036291813,0.0,0.0,0.0,0.4471040413784929,0.5609149847844188,0.07361863036291813
829,0.0,0.0,0.0,0.6511966128287414,0.5623925248549347,0.051726907629228915,0.0,0.0,0.0,0.6511966128287414,0.5623925248549347,0.051726907629228915,0.0,0.0,0.0,0.6511966128287414,0.5623925248549347,0.051726907629228915,0.0,0.0,0.0,0.6511966128287414,0.5623925248549347,0.051726907629228915,0.0,0.0,0.0,0.6511966128287414,0.5623925248549347,0.051726907629228915,0.0,0.0,0.0,0.6511966128287414,0.5623925248549347,0.051726907629228915,0.0,0.0,0.0,0.6511966128287414,0.5623925248549347,0.051726907629228915,0.0,0.0,0.0,0.6511966128287414,0.5623925248549347,0.051726907629228915
276,0.0,0.0,0.0,0.7199444650053486,0.6029163796733048,0.12231824011912533,0.0,0.0,0.0,0.7199444650053486,0.6029163796733048,0.12231824011912533,0.0,0.0,0.0,0.7199444650053486,0.6029163796733048,0.12231824011912533,0.0,0.0,0.0,0.7199444650053486,0.6029163796733048,0.12231824011912533,0.0,0.0,0.0,0.7199444650053486,0.6029163796733049,0.12231824011912532,0.0,0.0,0.0,0.7199444650053486,0.6029163796733049,0.12231824011912532,0.0,0.0,0.0,0.7199444650053486,0.6029163796733049,0.12231824011912532,0.0,0.0,0.0,0.7199444650053486,0.6029163796733049,0.12231824011912532
210,0.0,0.0,0.0,0.7553034488539712,0.6490287528989637,0.24044229378786425,0.0,0.0,0.0,0.7553034488539712,0.6490287528989637,0.24044229378786425,0.0,0.0,0.0,0.7553034488539712,0.6490287528989637,0.24044229378786425,0.0,0.0,0.0,0.7553034488539712,0.6490287528989637,0.24044229378786425,0.0,0.0,0.0,0.755303448853971,0.6490287528989637,0.24044229378786425,0.0,0.0,0.0,0.755303448853971,0.6490287528989637,0.24044229378786425,0.0,0.0,0.0,0.755303448853971,0.6490287528989637,0.24044229378786425,0.0,0.0,0.0,0.755303448853971,0.6490287528989637,0.24044229378786425
864,0.0,0.0,0.0,0.539588848907027,0.6728523178820625,0.40361682990217645,0.0,0.0,0.0,0.539588848907027,0.6728523178820625,0.40361682990217645,0.0,0.0,0.0,0.539588848907027,0.6728523178820625,0.40361682990217645,0.0,0.0,0.0,0.539588848907027,0.6728523178820625,0.40361682990217645,0.0,0.0,0.0,0.42000000000000004,0.6881689647726472,0.5228915662127711,0.0,0.0,0.0,0.42000000000000004,0.6881689647726472,0.5228915662127711,0.0,0.0,0.0,0.42000000000000004,0.6881689647726472,0.5228915662127711,0.0,0.0,0.0,0.42000000000000004,0.6881689647726472,0.5228915662127711
83,0.0,0.0,0.0,0.2964466094067262,0.5738763014901133,0.02515681427865496,0.0,0.0,0.0,0.2964466094067262,0.5738763014901133,0.02515681427865496,0.0,0.0,0.0,0.2964466094067262,0.5738763014901133,0.02515681427865496,0.0,0.0,0.0,0.2964466094067262,0.5738763014901133,0.02515681427865496,0.0,0.0,0.0,0.2617772901393345,0.5672167722118803,0.031133715853279377,0.0,0.0,0.0,0.2617772901393345,0.5672167722118803,0.031133715853279377,0.0,0.0,0.0,0.2617772901393345,0.5672167722118803,0.031133715853279377,0.0,0.0,0.0,0.2617772901393345,0.5672167722118803,0.031133715853279377
484,0.0,0.0,0.0,0.5841093708651908,0.6030549826842175,0.12609435029815974,0.0,0.0,0.0,0.5841093708651908,0.6030549826842175,0.12609435029815974,0.0,0.0,0.0,0.5841093708651908,0.6030549826842175,0.12609435029815974,0.0,0.0,0.0,0.5841093708651908,0.6030549826842175,0.12609435029815974,0.0,0.0,0.0,0.09999999999999987,0.6233608626325984,0.16861102947816847,0.0,0.0,0.0,0.09999999999999987,0.6233608626325984,0.16861102947816847,0.0,0.0,0.0,0.09999999999999987,0.6233608626325984,0.16861102947816847,0.0,0.0,0.0,0.09999999999999987,0.6233608626325984,0.16861102947816847
332,0.0,0.0,0.0,0.6218301990835033,0.6500740167712312,0.14852518509875084,0.0,0.0,0.0,0.6218301990835033,0.6500740167712312,0.14852518509875084,0.0,0.0,0.0,0.6218301990835033,0.6500740167712312,0.14852518509875084,0.0,0.0,0.0,0.6218301990835033,0.6500740167712312,0.14852518509875084,0.0,0.0,0.0,0.6218301990835033,0.6500740167712312,0.14852518509875084,0.0,0.0,0.0,0.6218301990835033,0.6500740167712312,0.14852518509875084,0.0,0.0,0.0,0.6218301990835033,0.6500740167712312,0.14852518509875084,0.0,0.0,0.0,0.6218301990835033,0.6500740167712312,0.14852518509875084
533,0.0,0.0,0.0,0.6283974596215561,0.6877910554806531,0.3139839157094733,0.0,0.0,0.0,0.6283974596215561,0.6877910554806531,0.3139839157094733,0.0,0.0,0.0,0.6283974596215561,0.6877910554806531,0.3139839157094733,0.0,0.0,0.0,0.6283974596215561,0.6877910554806531,0.3139839157094733,0.0,0.0,0.0,0.4135257121980017,0.6091345765941891,0.13448533803728926,0.0,0.0,0.0,0.4135257121980017,0.6091345765941891,0.13448533803728926,0.0,0.0,0.0,0.4135257121980017,0.6091345765941891,0.13448533803728926,0.0,0.0,0.0,0.4135257121980017,0.6091345765941891,0.13448533803728926
119,0.0,0.0,0.0,0.6364914703891411,0.5723389793624667,0.017047852426192937,0.0,0.0,0.0,0.6364914703891411,0.5723389793624667,0.017047852426192937,0.0,0.0,0.0,0.6364914703891411,0.5723389793624667,0.017047852426192937,0.0,0.0,0.0,0.6364914703891411,0.5723389793624667,0.017047852426192937,0.0,0.0,0.0,0.6364914703891411,0.5723389793624666,0.017047852426192937,0.0,0.0,0.0,0.6364914703891411,0.5723389793624666,0.017047852426192937,0.0,0.0,0.0,0.6364914703891411,0.5723389793624666,0.017047852426192937,0.0,0.0,0.0,0.6364914703891411,0.5723389793624666,0.017047852426192937
532,0.0,0.0,0.0,0.6693605470515638,0.700173791824737,0.2065973712830962,0.0,0.0,0.0,0.6693605470515638,0.700173791824737,0.2065973712830962,0.0,0.0,0.0,0.6693605470515638,0.700173791824737,0.2065973712830962,0.0,0.0,0.0,0.6693605470515638,0.700173791824737,0.2065973712830962,0.0,0.0,0.0,0.76,0.665309239229855,0.12849830837173942,0.0,0.0,0.0,0.76,0.665309239229855,0.12849830837173942,0.0,0.0,0.0,0.76,0.665309239229855,0.12849830837173942,0.0,0.0,0.0,0.76,0.665309239229855,0.12849830837173942
85,0.0,0.0,0.0,0.7532068432969897,0.6928997713918645,0.21258123528078002,0.0,0.0,0.0,0.7532068432969897,0.6928997713918645,0.21258123528078002,0.0,0.0,0.0,0.7532068432969897,0.6928997713918645,0.21258123528078002,0.0,0.0,0.0,0.7532068432969897,0.6928997713918645,0.21258123528078002,0.0,0.0,0.0,0.7532068432969897,0.6928997713918645,0.21258123528078002,0.0,0.0,0.0,0.7532068432969897,0.6928997713918645,0.21258123528078002,0.0,0.0,0.0,0.7532068432969897,0.6928997713918645,0.21258123528078002,0.0,0.0,0.0,0.7532068432969897,0.6928997713918645,0.21258123528078002
810,0.0,0.0,0.0,0.5433974596215561,0.5789329037916888,0.1062846624560732,0.0,0.0,0.0,0.5433974596215561,0.5789329037916888,0.1062846624560732,0.0,0.0,0.0,0.5433974596215561,0.5789329037916888,0.1062846624560732,0.0,0.0,0.0,0.5433974596215561,0.5789329037916888,0.1062846624560732,0.0,0.0,0.0,0.5433974596215561,0.5789329037916888,0.1062846624560732,0.0,0.0,0.0,0.5433974596215561,0.5789329037916888,0.1062846624560732,0.0,0.0,0.0,0.5433974596215561,0.5789329037916888,0.1062846624560732,0.0,0.0,0.0,0.5433974596215561,0.5789329037916888,0.1062846624560732
43,0.0,0.0,0.0,0.7533333333333333,0.7026907173340936,0.3598734569670192,0.0,0.0,0.0,0.7533333333333333,0.7026907173340936,0.3598734569670192,0.0,0.0,0.0,0.7533333333333333,0.7026907173340936,0.3598734569670192,0.0,0.0,0.0,0.7533333333333333,0.7026907173340936,0.3598734569670192,0.0,0.0,0.0,0.7533333333333333,0.7026907173340936,0.3598734569670192,0.0,0.0,0.0,0.7533333333333333,0.7026907173340936,0.3598734569670192,0.0,0.0,0.0,0.7533333333333333,0.7026907173340936,0.3598734569670192,0.0,0.0,0.0,0.7533333333333333,0.7026907173340936,0.3598734569670192
112,0.0,0.0,0.0,0.38038455754135203,0.6701166001057317,0.2792168674559187,0.0,0.0,0.0,0.38038455754135203,0.6701166001057317,0.2792168674559187,0.0,0.0,0.0,0.38038455754135203,0.6701166001057317,0.2792168674559187,0.0,0.0,0.0,0.38038455754135203,0.6701166001057317,0.2792168674559187,0.0,0.0,0.0,0.2648138382240711,0.676512988111696,0.3362449799028665,0.0,0.0,0.0,0.2648138382240711,0.676512988111696,0.3362449799028665,0.0,0.0,0.0,0.2648138382240711,0.676512988111696,0.3362449799028665,0.0,0.0,0.0,0.2648138382240711,0.676512988111696,0.3362449799028665
642,0.0,0.0,0.0,0.48048723642506797,0.6178282316238712,0.19363033527530402,0.0,0.0,0.0,0.48048723642506797,0.6178282316238712,0.19363033527530402,0.0,0.0,0.0,0.48048723642506797,0.6178282316238712,0.19363033527530402,0.0,0.0,0.0,0.48048723642506797,0.6178282316238712,0.19363033527530402,0.0,0.0,0.0,0.48048723642506797,0.6178282316238712,0.19363033527530402,0.0,0.0,0.0,0.48048723642506797,0.6178282316238712,0.19363033527530402,0.0,0.0,0.0,0.48048723642506797,0.6178282316238712,0.19363033527530402,0.0,0.0,0.0,0.48048723642506797,0.6178282316238712,0.19363033527530402
393,0.0,0.0,0.0,0.613817271849048,0.6244186504929472,0.19321066806376447,0.0,0.0,0.0,0.613817271849048,0.6244186504929472,0.19321066806376447,0.0,0.0,0.0,0.613817271849048,0.6244186504929472,0.19321066806376447,0.0,0.0,0.0,0.613817271849048,0.6244186504929472,0.19321066806376447,0.0,0.0,0.0,0.6341807596421856,0.631145893540338,0.2273859063666866,0.0,0.0,0.0,0.6341807596421856,0.631145893540338,0.2273859063666866,0.0,0.0,0.0,0.6341807596421856,0.631145893540338,0.2273859063666866,0.0,0.0,0.0,0.6341807596421856,0.631145893540338,0.2273859063666866
454,0.0,0.0,0.0,0.7634400674868125,0.6527761715501312,0.260876895993741,0.0,0.0,0.0,0.7634400674868125,0.6527761715501312,0.260876895993741,0.0,0.0,0.0,0.7634400674868125,0.6527761715501312,0.260876895993741,0.0,0.0,0.0,0.7634400674868125,0.6527761715501312,0.260876895993741,0.0,0.0,0.0,0.09999999999999998,0.7283609964614446,0.6843373493291566,0.0,0.0,0.0,0.09999999999999998,0.7283609964614446,0.6843373493291566,0.0,0.0,0.0,0.09999999999999998,0.7283609964614446,0.6843373493291566,0.0,0.0,0.0,0.09999999999999998,0.7283609964614446,0.6843373493291566
294,0.0,0.0,0.0,0.6213455172565068,0.6325251056111741,0.1486266514175605,0.0,0.0,0.0,0.6213455172565068,0.6325251056111741,0.1486266514175605,0.0,0.0,0.0,0.6213455172565068,0.6325251056111741,0.1486266514175605,0.0,0.0,0.0,0.6213455172565068,0.6325251056111741,0.1486266514175605,0.0,0.0,0.0,0.09999999999999987,0.594904933294613,0.0658634538130656,0.0,0.0,0.0,0.09999999999999987,0.594904933294613,0.0658634538130656,0.0,0.0,0.0,0.09999999999999987,0.594904933294613,0.0658634538130656,0.0,0.0,0.0,0.09999999999999987,0.594904933294613,0.0658634538130656
102,0.0,0.0,0.0,0.7643435384776697,0.6276002287506478,0.11302437175953209,0.0,0.0,0.0,0.7643435384776697,0.6276002287506478,0.11302437175953209,0.0,0.0,0.0,0.7643435384776697,0.6276002287506478,0.11302437175953209,0.0,0.0,0.0,0.7643435384776697,0.6276002287506478,0.11302437175953209,0.0,0.0,0.0,0.7970034017147788,0.6599119601359937,0.16354954939142452,0.0,0.0,0.0,0.7970034017147788,0.6599119601359937,0.16354954939142452,0.0,0.0,0.0,0.7970034017147788,0.6599119601359937,0.16354954939142452,0.0,0.0,0.0,0.7970034017147788,0.6599119601359937,0.16354954939142452
416,1.0,0.3,0.21408371436984167,0.6606130507196463,0.5871781500160927,0.0774435426402327,1.0,0.3,0.21408371436984167,0.6606130507196463,0.5871781500160927,0.0774435426402327,1.0,0.3,0.21408371436984167,0.6606130507196463,0.5871781500160927,0.0774435426402327,1.0,0.3,0.21408371436984167,0.6606130507196463,0.5871781500160927,0.0774435426402327,1.0,0.3,0.3746661058764784,0.6606130507196463,0.5871781500160926,0.0774435426402327,1.0,0.3,0.3746661058764784,0.6606130507196463,0.5871781500160926,0.0774435426402327,1.0,0.3,0.3746661058764784,0.6606130507196463,0.5871781500160926,0.0774435426402327,1.0,0.3,0.3746661058764784,0.6606130507196463,0.5871781500160926,0.0774435426402327
145,0.0,0.0,0.0,0.6076733320021392,0.6485692621608706,0.25050739853974713,0.0,0.0,0.0,0.6076733320021392,0.6485692621608706,0.25050739853974713,0.0,0.0,0.0,0.6076733320021392,0.6485692621608706,0.25050739853974713,0.0,0.0,0.0,0.6076733320021392,0.6485692621608706,0.25050739853974713,0.0,0.0,0.0,0.6076733320021392,0.6485692621608706,0.25050739853974713,0.0,0.0,0.0,0.6076733320021392,0.6485692621608706,0.25050739853974713,0.0,0.0,0.0,0.6076733320021392,0.6485692621608706,0.25050739853974713,0.0,0.0,0.0,0.6076733320021392,0.6485692621608706,0.25050739853974713
860,0.0,0.0,0.0,0.704680273525782,0.5792109964506353,0.11783953997349039,0.0,0.0,0.0,0.704680273525782,0.5792109964506353,0.11783953997349039,0.0,0.0,0.0,0.704680273525782,0.5792109964506353,0.11783953997349039,0.0,0.0,0.0,0.704680273525782,0.5792109964506353,0.11783953997349039,0.0,0.0,0.0,0.704680273525782,0.5792109964506353,0.11783953997349039,0.0,0.0,0.0,0.704680273525782,0.5792109964506353,0.11783953997349039,0.0,0.0,0.0,0.704680273525782,0.5792109964506353,0.11783953997349039,0.0,0.0,0.0,0.704680273525782,0.5792109964506353,0.11783953997349039
174,0.0,0.0,0.0,0.6232222633440305,0.6036180913509966,0.12131966795378793,0.0,0.0,0.0,0.6232222633440305,0.6036180913509966,0.12131966795378793,0.0,0.0,0.0,0.6232222633440305,0.6036180913509966,0.12131966795378793,0.0,0.0,0.0,0.6232222633440305,0.6036180913509966,0.12131966795378793,0.0,0.0,0.0,0.6232222633440305,0.6036180913509966,0.12131966795378793,0.0,0.0,0.0,0.6232222633440305,0.6036180913509966,0.12131966795378793,0.0,0.0,0.0,0.6232222633440305,0.6036180913509966,0.12131966795378793,0.0,0.0,0.0,0.6232222633440305,0.6036180913509966,0.12131966795378793
232,0.0,0.0,0.0,0.653397459621556,0.6535556744202655,0.20715875863237815,0.0,0.0,0.0,0.653397459621556,0.6535556744202655,0.20715875863237815,0.0,0.0,0.0,0.653397459621556,0.6535556744202655,0.20715875863237815,0.0,0.0,0.0,0.653397459621556,0.6535556744202655,0.20715875863237815,0.0,0.0,0.0,0.653397459621556,0.6535556744202656,0.20715875863237815,0.0,0.0,0.0,0.653397459621556,0.6535556744202656,0.20715875863237815,0.0,0.0,0.0,0.653397459621556,0.6535556744202656,0.20715875863237815,0.0,0.0,0.0,0.653397459621556,0.6535556744202656,0.20715875863237815
530,0.0,0.0,0.0,0.7756535905447638,0.5666584607960949,0.17433604334980313,0.0,0.0,0.0,0.7756535905447638,0.5666584607960949,0.17433604334980313,0.0,0.0,0.0,0.7756535905447638,0.5666584607960949,0.17433604334980313,0.0,0.0,0.0,0.7756535905447638,0.5666584607960949,0.17433604334980313,0.0,0.0,0.0,0.7756535905447638,0.5666584607960949,0.17433604334980313,0.0,0.0,0.0,0.7756535905447638,0.5666584607960949,0.17433604334980313,0.0,0.0,0.0,0.7756535905447638,0.5666584607960949,0.17433604334980313,0.0,0.0,0.0,0.7756535905447638,0.5666584607960949,0.17433604334980313
891,0.0,0.0,0.0,0.6222649730810372,0.5583378288153934,0.0,0.0,0.0,0.0,0.6222649730810372,0.5583378288153934,0.0,0.0,0.0,0.0,0.6222649730810372,0.5583378288153934,0.0,0.0,0.0,0.0,0.6222649730810372,0.5583378288153934,0.0,0.0,0.0,0.0,0.6222649730810372,0.5583378288153934,0.0,0.0,0.0,0.0,0.6222649730810372,0.5583378288153934,0.0,0.0,0.0,0.0,0.6222649730810372,0.5583378288153934,0.0,0.0,0.0,0.0,0.6222649730810372,0.5583378288153934,0.0
379,0.0,0.0,0.0,0.7664136865939795,0.626838202217783,0.17871698125005617,0.0,0.0,0.0,0.7664136865939795,0.626838202217783,0.17871698125005617,0.0,0.0,0.0,0.7664136865939795,0.626838202217783,0.17871698125005617,0.0,0.0,0.0,0.7664136865939795,0.626838202217783,0.17871698125005617,0.0,0.0,0.0,0.7664136865939795,0.626838202217783,0.17871698125005617,0.0,0.0,0.0,0.7664136865939795,0.626838202217783,0.17871698125005617,0.0,0.0,0.0,0.7664136865939795,0.626838202217783,0.17871698125005617,0.0,0.0,0.0,0.7664136865939795,0.626838202217783,0.17871698125005617
561,0.0,0.0,0.0,0.5106784525481143,0.6425883446361931,0.20568052089813857,0.0,0.0,0.0,0.5106784525481143,0.6425883446361931,0.20568052089813857,0.0,0.0,0.0,0.5106784525481143,0.6425883446361931,0.20568052089813857,0.0,0.0,0.0,0.5106784525481143,0.6425883446361931,0.20568052089813857,0.0,0.0,0.0,0.5106784525481143,0.6425883446361931,0.20568052089813857,0.0,0.0,0.0,0.5106784525481143,0.6425883446361931,0.20568052089813857,0.0,0.0,0.0,0.5106784525481143,0.6425883446361931,0.20568052089813857,0.0,0.0,0.0,0.5106784525481143,0.6425883446361931,0.20568052089813857
186,0.0,0.0,0.0,0.4947692687278231,0.6681043558400586,0.40163796639503213,0.0,0.0,0.0,0.4947692687278231,0.6681043558400586,0.40163796639503213,0.0,0.0,0.0,0.4947692687278231,0.6681043558400586,0.40163796639503213,0.0,0.0,0.0,0.4947692687278231,0.6681043558400586,0.40163796639503213,0.0,0.0,0.0,0.09999999999999998,0.7756413178616748,0.725301204746747,0.0,0.0,0.0,0.09999999999999998,0.7756413178616748,0.725301204746747,0.0,0.0,0.0,0.09999999999999998,0.7756413178616748,0.725301204746747,0.0,0.0,0.0,0.09999999999999998,0.7756413178616748,0.725301204746747
94,1.0,0.3,0.22212782793993274,0.679848641049838,0.6987205550183184,0.3392205184084315,1.0,0.3,0.22212782793993274,0.679848641049838,0.6987205550183184,0.3392205184084315,1.0,0.3,0.22212782793993274,0.679848641049838,0.6987205550183184,0.3392205184084315,1.0,0.3,0.22212782793993274,0.679848641049838,0.6987205550183184,0.3392205184084315,1.0,0.4,0.4631896595828492,0.7341595000423146,0.6848747264209741,0.2874680540105399,1.0,0.4,0.4631896595828492,0.7341595000423146,0.6848747264209741,0.2874680540105399,1.0,0.4,0.4631896595828492,0.7341595000423146,0.6848747264209741,0.2874680540105399,1.0,0.4,0.4631896595828492,0.7341595000423146,0.6848747264209741,0.2874680540105399
54,0.0,0.0,0.0,0.48443720314499283,0.5126584459783573,0.1098328262036368,0.0,0.0,0.0,0.48443720314499283,0.5126584459783573,0.1098328262036368,0.0,0.0,0.0,0.48443720314499283,0.5126584459783573,0.1098328262036368,0.0,0.0,0.0,0.48443720314499283,0.5126584459783573,0.1098328262036368,0.0,0.0,0.0,0.44810260206115626,0.5925628973445128,0.3359968734858615,0.0,0.0,0.0,0.44810260206115626,0.5925628973445128,0.3359968734858615,0.0,0.0,0.0,0.44810260206115626,0.5925628973445128,0.3359968734858615,0.0,0.0,0.0,0.44810260206115626,0.5925628973445128,0.3359968734858615
200,0.0,0.0,0.0,0.4932179282721081,0.6504204309922039,0.22693695392385305,0.0,0.0,0.0,0.4932179282721081,0.6504204309922039,0.22693695392385305,0.0,0.0,0.0,0.4932179282721081,0.6504204309922039,0.22693695392385305,0.0,0.0,0.0,0.4932179282721081,0.6504204309922039,0.22693695392385305,0.0,0.0,0.0,0.5370604681932459,0.7195868596332925,0.38670937694129953,0.0,0.0,0.0,0.5370604681932459,0.7195868596332925,0.38670937694129953,0.0,0.0,0.0,0.5370604681932459,0.7195868596332925,0.38670937694129953,0.0,0.0,0.0,0.5370604681932459,0.7195868596332925,0.38670937694129953
407,0.0,0.0,0.0,0.6285171209044302,0.6282453337679185,0.091749006790831,0.0,0.0,0.0,0.6285171209044302,0.6282453337679185,0.091749006790831,0.0,0.0,0.0,0.6285171209044302,0.6282453337679185,0.091749006790831,0.0,0.0,0.0,0.6285171209044302,0.6282453337679185,0.091749006790831,0.0,0.0,0.0,0.6285171209044302,0.6282453337679185,0.091749006790831,0.0,0.0,0.0,0.6285171209044302,0.6282453337679185,0.091749006790831,0.0,0.0,0.0,0.6285171209044302,0.6282453337679185,0.091749006790831,0.0,0.0,0.0,0.6285171209044302,0.6282453337679185,0.091749006790831
514,0.0,0.0,0.0,0.5468046736658201,0.5733113645776962,0.22466741697272458,0.0,0.0,0.0,0.5468046736658201,0.5733113645776962,0.22466741697272458,0.0,0.0,0.0,0.5468046736658201,0.5733113645776962,0.22466741697272458,0.0,0.0,0.0,0.5468046736658201,0.5733113645776962,0.22466741697272458,0.0,0.0,0.0,0.5468046736658201,0.5733113645776962,0.22466741697272458,0.0,0.0,0.0,0.5468046736658201,0.5733113645776962,0.22466741697272458,0.0,0.0,0.0,0.5468046736658201,0.5733113645776962,0.22466741697272458,0.0,0.0,0.0,0.5468046736658201,0.5733113645776962,0.22466741697272458
500,0.0,0.0,0.0,0.6784929636799909,0.6375713506223917,0.18092464729639388,0.0,0.0,0.0,0.6784929636799909,0.6375713506223917,0.18092464729639388,0.0,0.0,0.0,0.6784929636799909,0.6375713506223917,0.18092464729639388,0.0,0.0,0.0,0.6784929636799909,0.6375713506223917,0.18092464729639388,0.0,0.0,0.0,0.5781248868092804,0.6403571600788412,0.19214767105582048,0.0,0.0,0.0,0.5781248868092804,0.6403571600788412,0.19214767105582048,0.0,0.0,0.0,0.5781248868092804,0.6403571600788412,0.19214767105582048,0.0,0.0,0.0,0.5781248868092804,0.6403571600788412,0.19214767105582048
